01001|2925.0
01002|10307.0
01004_AM|3005.0
01009_AM|4599.0
01010|2951.0
01017_AM|4314.0
01028_AM|7515.0
01036|18009.0
01043|3418.0
01047_AM|3771.0
01051|5029.0
01054_AM|2636.0
01058_AM|4466.0
0105901|38600.0
0105902|69807.0
0105903|54114.0
0105904|33042.0
0105905|52432.0
0105906|5098.0
01063_AM|4120.0
01901|3468.0
0200301|25928.0
0200302|39487.0
0200303|20179.0
0200304|19707.0
0200305|16680.0
0200306|17817.0
0200307|26512.0
0200308|6412.0
02008_AM|4946.0
02009|24388.0
02010_AM|5058.0
02012_AM|5804.0
02019_AM|4959.0
02021_AM|5457.0
02024_AM|5318.0
02025|10077.0
02029|4344.0
02030|3557.0
02033_AM|8111.0
02034_AM|4405.0
02035_AM|4403.0
02037|30427.0
02045|4654.0
02053|3433.0
02063_AM|5239.0
02067_AM|4884.0
0206901|6098.0
0206902|5535.0
0206903|3768.0
02072_AM|3501.0
02073_AM|7265.0
02074|7691.0
02075_AM|3932.0
02079|4040.0
0208101|3818.0
0208102|6798.0
0208103|6896.0
0208104|7466.0
02086_AM|4673.0
02901|2797.0
03002_AM|6597.0
03005_AM|14860.0
03006_AM|2824.0
0300901|4592.0
0300902|7372.0
0300903|7372.0
0300904|8562.0
0300905|7373.0
0300906|5538.0
0300907|7780.0
0300908|10539.0
03011|20495.0
03012|3396.0
03013_AM|2633.0
0301401|21089.0
0301402|34676.0
0301403|50616.0
0301404|77960.0
0301405|32695.0
0301406|51182.0
0301407|29705.0
0301408|39381.0
0301501|18407.0
0301502|5936.0
0301801|6776.0
0301802|5353.0
0301803|10528.0
0301901|3725.0
0301902|4696.0
0301903|6203.0
0301904|6464.0
0302101|3411.0
0302102|3702.0
03023_AM|3327.0
03024|5453.0
03026_AM|5934.0
03028_AM|5524.0
0303101|17063.0
0303102|19627.0
0303103|22041.0
0303104|10387.0
03034_AM|5787.0
03035_AM|5262.0
0304101|7284.0
0304102|4178.0
03042|4447.0
03043|3628.0
03044_AM|9024.0
03046|3207.0
0304701|12360.0
0304702|11170.0
03048|7589.0
0304901|12097.0
0304902|7176.0
0305001|16479.0
0305002|7951.0
0305003|4583.0
0305301|4097.0
0305302|6655.0
03055|8880.0
03056|11451.0
03058|7427.0
0305901|11860.0
0305902|4633.0
0305903|3064.0
0305904|4539.0
0305905|5621.0
0306301|6761.0
0306302|10284.0
0306303|9601.0
0306304|16307.0
03064|7620.0
0306501|30173.0
0306502|34820.0
0306503|34897.0
0306504|29455.0
0306505|32193.0
0306506|29589.0
0306507|43078.0
0306601|6547.0
0306602_AD|7138.0
0306604|25770.0
0306605|13096.0
03069|7402.0
03070|4337.0
0307101|3167.0
0307102|3056.0
03074_AM|4567.0
03076|15983.0
03077|2634.0
0307901|5590.0
0307902|8148.0
0307903|9914.0
03081|2892.0
0308201|7168.0
0308202|4944.0
0308203|15871.0
03083|6861.0
03088|8500.0
03089|12188.0
0309001|12413.0
0309002|13266.0
03092_AM|10812.0
03093|25611.0
03094|18108.0
03095|7080.0
03096|7569.0
03097_AM|6159.0
0309901|6953.0
0309902|11207.0
0309903|4984.0
0309904|9223.0
0309905|24465.0
0309906|8311.0
0309907|8160.0
0309908|5637.0
03101|8006.0
0310201|3128.0
0310202|3201.0
0310203|3911.0
0310401|2614.0
0310402|7221.0
0310403|6920.0
0310404|17254.0
03105|8142.0
03107|5069.0
03109|4597.0
03111|8058.0
03112_AM|3009.0
0311301|12118.0
0311302|3860.0
03114|2542.0
03118|8447.0
0311901|12268.0
0311902|12095.0
03120|6553.0
0312101|17313.0
0312102|16835.0
0312201|26464.0
0312202|13875.0
0312203|18573.0
03123_AM|11577.0
03128|11466.0
0313301|22948.0
0313302|23695.0
0313303|36199.0
03138|4841.0
0313901|16687.0
0313902|3397.0
0313903|14600.0
03140|34025.0
03901|2721.0
03902|22597.0
03903|2184.0
04003|25501.0
04006|12070.0
04011_AM|5309.0
0401301|3267.0
0401302|6388.0
0401303|11353.0
0401304|6967.0
0401305|14337.0
0401306|65838.0
0401307|75276.0
0401308|17327.0
04016|3355.0
04017_AM|8576.0
04024|4526.0
0402901|9141.0
0402902|3567.0
04031|3547.0
04032|8183.0
04035|14623.0
04038|4102.0
04044_AM|4519.0
04045_AM|5568.0
04047_AM|4973.0
04048_AM|5466.0
0404901|4437.0
0404902|5438.0
04050_AM|5350.0
04052|17974.0
04053|19744.0
04057_AM|6119.0
04062_AM|6223.0
04064|7257.0
0406601|24026.0
0406602|3538.0
0406603|3894.0
04069|6258.0
04070_AM|5749.0
04074|4143.0
0407501|5472.0
0407502|4870.0
0407901|39299.0
0407902|59426.0
04083_AM|3049.0
04086_AM|3871.0
04088_AM|6066.0
04092|3528.0
04093|3892.0
04098_AM|4682.0
04099|6521.0
0410001|2975.0
0410002|3586.0
0410003|7338.0
0410004|3801.0
04101|6039.0
04102|27398.0
04902|84005.0
04903|9086.0
04904|2959.0
05002_AM|4893.0
05013_AM|4665.0
05014_AM|6862.0
05016|7881.0
0501901|2704.0
0501902|2702.0
0501903|3212.0
0501904|19801.0
0501905|10806.0
0501906|18724.0
05021_AM|4814.0
05047|5049.0
05054_AM|5123.0
05057|3246.0
05102_AM|4476.0
05114_AM|5055.0
05163_AM|6986.0
05168_AM|5504.0
05186_AM|4405.0
05204_AM|5016.0
05220_AM|5246.0
05238_AM|5593.0
05240_AM|6227.0
05241_AM|4772.0
05242_AM|4659.0
06002|5467.0
06005_AM|6889.0
06006|5245.0
0601101|6360.0
0601102|14561.0
0601103|7230.0
0601104|5590.0
06012_AM|6330.0
06014|7702.0
0601501|9997.0
0601502|8577.0
0601503|17646.0
0601504|22880.0
0601505|10504.0
0601506|6893.0
0601507|21604.0
0601508|14588.0
0601509|21629.0
0601510|16292.0
06016_AM|5190.0
06019_AM|7780.0
06020_AM|3848.0
06022|3076.0
06023|4732.0
06025|6152.0
06028|4823.0
06033_AM|3718.0
06036_AM|8133.0
06039_AM|3892.0
06044_AM|39214.0
06050|4811.0
06051_AM|3726.0
06052_AM|5405.0
0605401|3409.0
0605402|3295.0
06055_AM|6322.0
06058_AM|4793.0
06059_AM|2806.0
06060_AM|9251.0
06063|3465.0
06066_AM|5430.0
06067_AM|3219.0
06069_AM|5240.0
06070_AM|10658.0
06072|2760.0
06074_AM|7348.0
06080_AM|3906.0
0608301|5970.0
0608302_AD|5648.0
0608303|14293.0
0608304|20798.0
0608306|12715.0
06085_AM|6297.0
06087_AM|3120.0
06088|15483.0
06091|4392.0
06093_AM|5798.0
06094_AM|5653.0
06095|11871.0
06097_AM|3702.0
0610301|3103.0
0610302|2758.0
06108|2665.0
06109|4576.0
06113_AM|5587.0
06117_AM|4721.0
06120|3957.0
06121|4094.0
0612201|2573.0
0612202|2503.0
0612203|2988.0
06123_AM|7389.0
06125_AM|5009.0
06126_AM|4047.0
06127|3355.0
06128|5311.0
06135_AM|3209.0
06141_AM|4681.0
06143|4157.0
06149|12534.0
0615301|5033.0
0615302|7758.0
0615303|9615.0
0615304|3431.0
06154|3335.0
06155_AM|7727.0
0615801|8801.0
0615802|7985.0
06159|2780.0
06160_AM|5570.0
06162|3380.0
06901|2731.0
06903_AM|4454.0
07001|5741.0
0700201|3818.0
0700202|5659.0
07003|20651.0
0700401|3161.0
0700402|2802.0
07005|11571.0
0700601|5005.0
0700602|2979.0
0700801|3779.0
0700802|5116.0
0701001|4437.0
0701002|2600.0
0701101|3708.0
0701102|7408.0
0701103|13764.0
0701104|8420.0
0701105|14309.0
0701106|3958.0
07012_AM|3768.0
0701301|5170.0
0701302|6255.0
07014|12003.0
0701501|9617.0
0701502|7696.0
0701503|5226.0
0701504|8099.0
07016|4243.0
07020|5134.0
0702201|3758.0
0702202|3635.0
0702203|3887.0
0702204|6884.0
07023_AM|6392.0
07024|11708.0
07026|50643.0
0702701|11117.0
0702702|13474.0
0702703|9135.0
07028_AM|2844.0
0702901|2942.0
0702902|3308.0
07030_AM|4627.0
07031|38224.0
07032|29578.0
07033|44809.0
0703601|13255.0
0703602|25102.0
07037|5444.0
07038_AM|5272.0
0703901|3724.0
0703902|3791.0
0704001|23988.0
0704002|115475.0
0704003|91709.0
0704004|151206.0
0704005|36988.0
07041_AM|3925.0
07042|16969.0
0704301|3066.0
0704302|2558.0
07044|13873.0
07045_AM|5641.0
0704601|23669.0
0704602|3536.0
07047_AM|5266.0
0704801|16005.0
0704802|12294.0
07050|6635.0
0705101|3741.0
0705102|5179.0
0705201|2860.0
0705202|4017.0
0705401|20506.0
0705402|5557.0
0705403|2853.0
0705404|6516.0
0705405|4606.0
07055|12767.0
0705601|2935.0
0705602|4572.0
0705701|9580.0
0705702|2762.0
07058_AM|6558.0
07059|5010.0
07060|4122.0
0706101|4613.0
0706102|4826.0
0706103|4052.0
07062|11835.0
07064|7530.0
07065|3558.0
08001|12620.0
08003|9954.0
08005|8787.0
0800601|7361.0
0800602|8581.0
0800701|4711.0
0800702|4480.0
0800901|8711.0
0800902|3918.0
08010_AM|8068.0
08011_AM|4146.0
08014|2556.0
0801501|7947.0
0801502|18571.0
0801503|19322.0
0801504|27021.0
0801505|12316.0
0801506|7623.0
0801507|41110.0
0801508|19622.0
0801509|69474.0
08016_AM|4673.0
08017|3900.0
08018_AM|4698.0
0801901|105829.0
0801902|264353.0
0801903|184367.0
0801904|80577.0
0801905|147434.0
0801906|121438.0
0801907|172199.0
0801908|171883.0
0801909|150407.0
0801910|238245.0
08020|7356.0
08022|16682.0
08023|9542.0
08029|4787.0
08030|7567.0
08031|3597.0
08032|3097.0
08033|17797.0
08034_AM|3913.0
0803501|5990.0
0803502|3512.0
0803503|9734.0
08037_AM|4773.0
08038_AM|3593.0
08040|14810.0
08041|16872.0
08042|3219.0
08043|4886.0
08044_AM|6689.0
0804601|5210.0
0804602|9561.0
0804603|3838.0
08047_AM|5207.0
08051|24659.0
08053|3853.0
08054|12610.0
0805601|17846.0
0805602|12300.0
0805603|10117.0
0805604|13490.0
0805605|13473.0
08064|2632.0
08067|7595.0
08068|9233.0
08069|4655.0
08072|15017.0
0807301|21124.0
0807302|6491.0
0807303|14077.0
0807304|22121.0
0807305|10853.0
0807306|14634.0
08074|16051.0
08075|5685.0
0807601|12108.0
0807602|10250.0
08077|46777.0
08085_AM|5039.0
08086|20351.0
0808801|7412.0
0808802|9321.0
0808901|15383.0
0808902|14235.0
0808903|13164.0
0808904|4149.0
08091_AM|9719.0
08092|4916.0
08094_AM|5290.0
0809601|16338.0
0809602|11493.0
0809603|16054.0
0809604|18590.0
08097_AM|3229.0
08098_AM|5422.0
08100|2705.0
0810101|51793.0
0810102|51975.0
0810103|45678.0
0810104|44951.0
0810105|39315.0
0810106|30945.0
08102|40875.0
08105|13259.0
0810601|3632.0
0810602|6484.0
08107|15673.0
08108|6580.0
0811001|12631.0
0811002|6319.0
0811201|3272.0
0811202|6492.0
0811203|8030.0
0811204|3010.0
0811302|22485.0
0811303_AD|12028.0
0811304|22043.0
0811305|21636.0
0811401|4945.0
0811402|3146.0
0811403|12437.0
0811404|8139.0
08115_AM|5705.0
08117|3178.0
0811801|16818.0
0811802|7030.0
08119|9623.0
08120|9672.0
0812101|12850.0
0812102|20801.0
0812103|24357.0
0812104|15966.0
0812105|31414.0
0812106|23732.0
08122_AM|6307.0
08123|26104.0
0812401|12017.0
0812402|14794.0
0812403|24340.0
0812501|6165.0
0812502|6761.0
0812503|11920.0
0812504|3437.0
0812505|5400.0
0812506|3111.0
08126|12260.0
08127_AM|3449.0
08135|8798.0
0813601|13086.0
0813602|3718.0
08138|6474.0
08140|6068.0
08141|5973.0
08143|3681.0
08145_AM|6299.0
08147|24132.0
08148|4127.0
08149_AM|3125.0
08155|9646.0
08156|14917.0
08157|11636.0
08158|4232.0
0815901|6472.0
0815902|12435.0
08161|16411.0
08162_AM|5241.0
08163|27974.0
08167|8494.0
0816901|8841.0
0816902|13051.0
0816903|20148.0
0816904|8132.0
0816905|15360.0
08170_AM|4015.0
08171|2634.0
0817201|7202.0
0817202|8165.0
0817203|13156.0
08175_AM|5822.0
0818001|26484.0
0818002|12655.0
08181|10676.0
08182|4016.0
08183|6449.0
0818401|6676.0
0818402|11255.0
0818403|15919.0
0818404|44699.0
0818701|55240.0
0818702|25306.0
0818703|33467.0
0818704|41808.0
0818705|20540.0
0818706|30799.0
0818707|9044.0
08191|6717.0
08192|7566.0
08194|37283.0
08196|27175.0
0819701|6122.0
0819702|5028.0
08198|6383.0
0820001|9859.0
0820002|32160.0
0820003|14808.0
0820004|15906.0
0820005|5354.0
0820006|5668.0
08202|18176.0
08203|3570.0
08204|4193.0
0820501|41806.0
0820502|20790.0
0820503|8444.0
0820504_AD|6248.0
0820505|16724.0
08207|2997.0
08208_AM|10230.0
08209|8997.0
0821001|3649.0
0821002|2757.0
08211|45463.0
08213|8936.0
0821401|5391.0
0821402|3683.0
08215|3547.0
0821701|16632.0
0821702|4776.0
0821703|6330.0
0821704|2780.0
0821705|3612.0
08218|10871.0
0821901|10098.0
0821902|6328.0
0821903|4510.0
08220_AM|5411.0
08221|19379.0
08223|2514.0
08224_AM|2638.0
08226_AM|2916.0
08227_AM|4883.0
08230|10419.0
08231|31525.0
08232_AM|5146.0
08233_AM|6518.0
08234|4671.0
08235|5538.0
08237_AM|5770.0
08238|20156.0
0824001|5653.0
0824002|7187.0
08244|8273.0
0824501|22138.0
0824502|15365.0
0824503|19162.0
0824504|21794.0
0824505|23916.0
0824506|16914.0
08247_AM|2579.0
08248|7538.0
08250|10192.0
08251|7664.0
08252|33016.0
08258_AM|2515.0
08259|9666.0
08260|26033.0
08261|3650.0
08262_AM|10736.0
0826301|15335.0
0826302|4131.0
0826303|3807.0
0826304|4842.0
08264|6523.0
08266|57217.0
08267|9347.0
08268_AM|4886.0
08269|3696.0
0827001|11468.0
0827002|18749.0
08273_AM|5072.0
08274|5923.0
08278_AM|6963.0
0827901|35963.0
0827902|23246.0
0827903|25815.0
0827904|40633.0
0827905|46381.0
0827906|42047.0
0827907|8926.0
08281|6532.0
08282|9009.0
08283|8368.0
08284_AM|19328.0
0828501|5430.0
0828502|3550.0
0828503|5573.0
08286_AM|6059.0
08288_AM|4841.0
08289|6126.0
08291|7082.0
08294_AM|5248.0
08295|15438.0
08296_AM|3373.0
08298|47319.0
08300_AM|9717.0
0830101|25244.0
0830102|41463.0
08302|12736.0
0830501|5141.0
0830502|12036.0
0830503|7174.0
0830504|15618.0
0830701|18043.0
0830702|14827.0
0830703|7972.0
0830704|26616.0
08902|5535.0
08904|13228.0
08905|3015.0
0901801|13958.0
0901802|7826.0
0901803|11300.0
09048_AM|5319.0
09056|6465.0
0905902_AD|9251.0
0905903|16404.0
0905905|57405.0
0905906|11990.0
0905907|11914.0
0905908|18209.0
0905909|48878.0
09073_AM|4711.0
09109_AM|1929.0
09124_AM|2527.0
09141_AM|6044.0
09174_AM|5125.0
09177_AM|3974.0
09194|2609.0
09209_AM|6747.0
09211_AM|5401.0
09219|35528.0
09238_AM|5369.0
09289_AM|4762.0
09321_AM|5393.0
09330_AM|4897.0
09350_AM|4874.0
09363_AM|4976.0
09390_AM|2804.0
09410|3987.0
09413_AM|4589.0
09434_AM|5550.0
09439_AM|4769.0
09903|4029.0
09907_AM|6542.0
10004_AM|2712.0
10006_AM|5047.0
10010_AM|5663.0
10014_AM|4744.0
10019_AM|5074.0
10020_AM|5056.0
10021|5663.0
10032_AM|6491.0
10035_AM|5019.0
1003701|25750.0
1003702|14107.0
1003703|6645.0
1003704|31743.0
1003705|7750.0
1003706_AD|9423.0
10049_AM|6471.0
10050_AM|5009.0
10061_AM|6061.0
10064_AM|6088.0
10067|12330.0
10087_AM|4910.0
10089_AM|5113.0
10096_AM|5059.0
1010401|3157.0
1010402|3342.0
10105_AM|5093.0
10109_AM|6065.0
10110|2658.0
10113_AM|4757.0
10115|4060.0
10116_AM|5178.0
10121|9503.0
10127|5680.0
10128|6685.0
1013101|6179.0
1013102|10831.0
10140_AM|6270.0
10146_AM|4932.0
10147_AM|5226.0
10148|39558.0
10175_AM|7010.0
10177_AM|8209.0
10180_AM|9589.0
10184_AM|4850.0
10186_AM|5133.0
10189|2894.0
10195_AM|10258.0
10203|5325.0
10205_AM|4806.0
10212_AM|5414.0
10216_AM|4968.0
11001|5245.0
11002|5031.0
1100401|34290.0
1100402|30586.0
1100403|21761.0
1100404|36345.0
11005_AM|7235.0
1100601|6454.0
1100602|13718.0
1100603|5222.0
1100604|5508.0
1100701|6570.0
1100702|9561.0
1100703|3275.0
1100704|3355.0
11008|23983.0
11010|7655.0
11011_AM|5412.0
1101201|5894.0
1101202|5612.0
1101203|6474.0
1101204|4082.0
1101205|4497.0
1101206|4176.0
1101207|3627.0
1101208|27058.0
1101209|24437.0
1101210|28387.0
11013|3070.0
1101401|9048.0
1101402|8026.0
1101403|6108.0
1101501|15073.0
1101502|9098.0
1101503|9749.0
1101504|25170.0
1101505|27216.0
11016|19368.0
11017|3845.0
1102001|4764.0
1102002|28741.0
1102003|21136.0
1102004|23584.0
1102005|12776.0
1102006|69247.0
1102007|28698.0
1102008|3412.0
1102009|16892.0
1102010|3551.0
11021|6665.0
1102201|8259.0
1102202|9553.0
1102203|16953.0
1102204|6944.0
1102205|7629.0
1102206|7248.0
1102207|6779.0
11023|11813.0
11024_AM|8816.0
11025|5470.0
11026_AM|7046.0
1102701|42778.0
1102702|17097.0
1102703|24162.0
1102704|5023.0
1102801|9223.0
1102802|2766.0
1102803|11961.0
1102804|17821.0
11029|6954.0
1103001|8183.0
1103002|5313.0
1103003|15830.0
1103101|21609.0
1103103_AD|9187.0
1103104|7729.0
1103105|10555.0
1103106|45787.0
1103201|28460.0
1103202|8451.0
1103203|7668.0
1103204|3291.0
1103205|21637.0
1103301|3391.0
1103302|8962.0
1103303|4574.0
1103304|5762.0
1103305|9489.0
11034|2698.0
1103501|13763.0
1103502|4703.0
11037|7042.0
11038|16482.0
11039|12572.0
1104101|3564.0
1104102|8561.0
11901|7020.0
11902_AM|5874.0
11903|2821.0
12004|6691.0
1200501|3983.0
1200502|6445.0
1200901|8801.0
1200902|6900.0
1200903|11177.0
12011_AM|7237.0
12012_AM|6058.0
12016_AM|5324.0
12021|5605.0
12027|27658.0
12028|18991.0
12031|5552.0
1203201|9586.0
1203202|4420.0
1203203|9651.0
1203204|6156.0
1203205|5090.0
12033_AM|5094.0
12034_AM|5966.0
1204001|3740.0
1204002|10533.0
1204003|17225.0
1204004|31733.0
1204005|19251.0
1204006|29774.0
1204007|23595.0
1204008|17928.0
1204009|18810.0
12050_AM|4974.0
12053|2795.0
12072_AM|5736.0
1207701|3594.0
1207702|3364.0
12080_AM|5497.0
1208201|6149.0
1208202|7107.0
1208401|7064.0
1208402|14198.0
1208403|3677.0
12085|9755.0
12089|7882.0
12104|9139.0
12106_AM|5194.0
12117|5606.0
12121_AM|5166.0
12124|2943.0
1212601|9168.0
1212602|15794.0
1212603|6587.0
12128_AM|3339.0
12129_AM|5881.0
1213501|5456.0
1213502|25704.0
1213503|9756.0
1213504|10214.0
12136|3111.0
12138|28862.0
12140_AM|5293.0
12901|4539.0
12902_AM|4546.0
13001_AM|4871.0
13005|30548.0
13009_AM|3255.0
13011|5105.0
1301301|4453.0
1301302|4443.0
13015|5947.0
13019|6844.0
13020_AM|6279.0
13023|11992.0
13027|3615.0
13028_AM|13801.0
13031|3086.0
13033_AM|4860.0
1303401_AD|17719.0
1303402|29049.0
1303403|8811.0
1303404|19525.0
13038_AM|4774.0
1303901|3931.0
1303902|3950.0
1303903|4990.0
1303904|4900.0
13042_AM|4183.0
13044_AM|4017.0
13047|8510.0
1305201|4413.0
1305202|3429.0
13053_AM|18545.0
13054|5927.0
1305601|9139.0
1305602|6519.0
13058|5211.0
1306101|3568.0
1306102|3757.0
13063_AM|6779.0
13064|2759.0
13065_AM|4553.0
13066|3623.0
13068_AM|4862.0
13071|46036.0
13077|4017.0
13078|12067.0
1307901|6629.0
1307902|4475.0
1307903|4253.0
1308201|12360.0
1308202|9805.0
1308203|6743.0
1308204|7076.0
13083_AM|3969.0
13085|2708.0
1308701|7830.0
1308702|6607.0
1308703|4628.0
1308704|5434.0
1308705|5719.0
13089_AM|5798.0
13092_AM|6672.0
13093_AM|5318.0
13096|9722.0
13097_AM|5209.0
13098_AM|2974.0
14001|4141.0
1400201|3140.0
1400202|4161.0
1400203|6097.0
14004_AM|3028.0
14005_AM|9598.0
14007_AM|19983.0
14008|3207.0
14009|2905.0
14010|4982.0
14012|7316.0
14013|20245.0
14014|2888.0
14017|14228.0
14018|4382.0
14019|7740.0
1402101|42578.0
1402102|57353.0
1402103|3069.0
1402104|5820.0
1402105|35305.0
1402106|70198.0
1402107|5270.0
1402108|3817.0
1402109|40200.0
1402110|58461.0
14022_AM|5237.0
14023_AM|5755.0
14024_AM|3719.0
14025|3272.0
14026_AM|6086.0
14027|9667.0
14029_AM|5942.0
14030_AM|10936.0
14035|6684.0
14036|4517.0
14037|4106.0
14038|42712.0
14039_AM|5319.0
14040|4517.0
14041|3851.0
14042|22633.0
14043_AM|10704.0
14045_AM|5669.0
14046|5341.0
1404901|7317.0
1404902|3619.0
1404903|9974.0
14050|2808.0
14051_AM|2883.0
14052|10508.0
1405301|3565.0
1405302|3731.0
14054|17156.0
14055|22251.0
1405601|3161.0
1405602|3686.0
1405603|7065.0
1405604|8893.0
1405605|6962.0
14057|7515.0
14058|9835.0
14060_AM|5976.0
14065_AM|3165.0
1406601|3883.0
1406602|3133.0
14067|4897.0
14069|8662.0
14070_AM|2890.0
14073|3191.0
14074_AM|3284.0
15001|5494.0
15002|31993.0
15004|5997.0
15005|32894.0
15006_AM|7493.0
15007|3389.0
15008|6817.0
15009|13030.0
15010_AM|6041.0
15011|18955.0
15012|4186.0
15013|7957.0
15014|4185.0
15015|3359.0
15016|5224.0
1501701|17791.0
1501702|6825.0
15019|31414.0
15020|3854.0
15021|6574.0
15022_AM|8925.0
15023_AM|9174.0
15024|4996.0
15029|5878.0
1503001|12973.0
1503002|30523.0
1503003|25380.0
1503004|30554.0
1503005|34097.0
1503006|26152.0
1503007|53835.0
1503008|10744.0
1503009|12335.0
1503010|8875.0
1503101|10498.0
1503102|14986.0
1503103|5274.0
15032_AM|5914.0
15033|2710.0
15034|2927.0
1503501|9542.0
1503502|3290.0
1503601|7431.0
1503602|15730.0
1503605_AD|10033.0
1503606|13551.0
1503607|9978.0
1503608|8062.0
15037|4714.0
15040|3004.0
15041|11521.0
15042|3235.0
15043|5332.0
15045|3806.0
15046|7427.0
15047_AM|4785.0
1504801|3840.0
1504802|2583.0
15050_AM|4369.0
15051|5226.0
15052|4564.0
15053|8399.0
15054|38913.0
15055|5032.0
15056|6775.0
1505701|3241.0
1505702|7550.0
1505703|3449.0
1505801|9255.0
1505802|23125.0
1505803|4542.0
15059|12605.0
15060|7530.0
15061|5485.0
15062|6150.0
15064_AM|5606.0
15065|8317.0
15066|4639.0
15067|9291.0
15068|5457.0
1506901|4380.0
1506902|3307.0
15070_AM|11108.0
15071|9155.0
15072|11004.0
15073|26839.0
15074|4493.0
15075|16382.0
15076|2812.0
15077|9359.0
1507801|8940.0
1507802|15647.0
1507803|11372.0
1507804|27612.0
1507805|30161.0
1507806|4126.0
1508201|13393.0
1508202|2703.0
1508203|2682.0
15084|3228.0
15085|3495.0
15086|3059.0
15087|6872.0
15088|3816.0
15089|5032.0
15092|6925.0
15093|4384.0
15901_AM|5072.0
15902|5170.0
16023_AM|4845.0
16027_AM|5123.0
16042_AM|4523.0
16066|3089.0
1607803_AD|13984.0
1607804|40004.0
16102_AM|5271.0
16106_AM|4981.0
16112_AM|4740.0
16113_AM|5045.0
16117_AM|4830.0
16124_AM|4940.0
16125_AM|4706.0
1613301|2818.0
1613302|3217.0
16134|5964.0
1615401|3602.0
1615402|3036.0
16170_AM|5144.0
16171_AM|4832.0
1617501|3919.0
1617502|3697.0
1619001|3132.0
1619002|3821.0
16191_AM|4969.0
16198_AM|2878.0
16203|15645.0
16249_AM|5583.0
16251_AM|6091.0
16903_AM|5384.0
16905_AM|5703.0
17006_AM|5279.0
17007_AM|9715.0
17008|5709.0
17009|6507.0
17012_AM|5980.0
17013|4039.0
1701501|8321.0
1701502|7372.0
1701503|4475.0
17016_AM|4914.0
17019|2502.0
17020|5094.0
1702201|6034.0
1702202|5156.0
1702301|8960.0
1702302|24205.0
1702303|7109.0
17027|3836.0
17032|2820.0
17033|8051.0
17034|11484.0
17036_AM|5566.0
17039_AM|5773.0
1704401|3987.0
1704402|6518.0
17047|11154.0
17048|11455.0
17049_AM|7402.0
17056_AM|5882.0
17062|10497.0
1706601|13115.0
1706602|6646.0
1706603|12206.0
1706604|15076.0
17067_AM|5196.0
17073|2700.0
1707901|7890.0
1707902|35036.0
1707903|39608.0
1707905_AD|9845.0
1707906|9553.0
17083|4332.0
17086_AM|5471.0
17089|8851.0
17092_AM|6399.0
17094|1504.0
1709501|11027.0
1709502|8286.0
1709503|10827.0
1709504|8262.0
17103|7349.0
17111_AM|6001.0
1711401|8906.0
1711402|9130.0
1711403|5149.0
1711404|5926.0
1711405|7188.0
1711701|9916.0
1711702|7867.0
1711703|5263.0
1711801|6212.0
1711802|3058.0
1711803|5408.0
1711804|3518.0
17120_AM|2712.0
17124_AM|2798.0
17132_AM|6073.0
17137_AM|6042.0
17139_AM|2572.0
17141|9518.0
17142|3856.0
17146|4268.0
17147|10721.0
17148_AM|3894.0
1715201|11737.0
1715202|8184.0
1715501|18310.0
1715502|13920.0
1716001|3609.0
1716002|9754.0
1716003|5884.0
1716004|2963.0
17163|4012.0
17164_AM|7099.0
17167_AM|4975.0
17169_AM|4275.0
17178_AM|5563.0
17180_AM|13849.0
17181|5408.0
17184_AM|3376.0
17185|3050.0
17186|5231.0
17190_AM|2787.0
17193|6349.0
17199|12023.0
17202|5930.0
17207|3115.0
17211_AM|5608.0
17213|8073.0
17215_AM|4014.0
17221|5480.0
17223_AM|5129.0
17233_AM|5386.0
17901_AM|5336.0
17902_AM|5196.0
18003|19128.0
1800601|4626.0
1800602|2847.0
18011|5497.0
18013|5667.0
18014_AM|11462.0
18017|25890.0
18021|24388.0
1802201|13117.0
1802202|6081.0
1802301|8472.0
1802302|9021.0
1802303|2788.0
18027_AM|5609.0
18029_AM|6172.0
18035_AM|2906.0
18036|5262.0
18039|4038.0
18047|8181.0
18048|3472.0
18050_AM|2659.0
18056|4079.0
18057|7719.0
18059|5624.0
18061_AM|6338.0
18062|15741.0
18063_AM|5309.0
18066|2625.0
18071_AM|8366.0
18079|4415.0
18084|5993.0
1808701|22057.0
1808702|57278.0
1808703|63632.0
1808706|27997.0
1808707|34728.0
1808708_AD|10699.0
1808709|15384.0
18088_AM|4809.0
18089|18462.0
18093|5287.0
18094|2906.0
18095|2658.0
18098|7236.0
18099_AM|4971.0
18100|10514.0
18101|12120.0
18102_AM|12139.0
18105|5094.0
18108_AM|4978.0
18111|3928.0
18115|3550.0
18116_AM|5811.0
18119_AM|4863.0
18122_AM|21379.0
1812701|11336.0
1812702|11022.0
18132|3613.0
18133|2748.0
18134|8137.0
18135_AM|7776.0
18136_AM|4847.0
18137_AM|3489.0
18138|3106.0
1814001|7239.0
1814002|12424.0
1814003|5652.0
1814004|24003.0
1814005|9227.0
18145|14559.0
1814701|3037.0
1814702|2829.0
18148_AM|3308.0
18149_AM|9310.0
1815001|3739.0
1815002|5195.0
18152_AM|4530.0
18153|11544.0
18157_AM|2867.0
18158|9853.0
18162_AM|4854.0
18164_AM|5814.0
18165|5480.0
18171_AM|4676.0
18173|12472.0
18175|15175.0
18182|2550.0
18184_AM|4883.0
18192_AM|2639.0
18193|19473.0
18194|2516.0
18903_AM|5176.0
18905|22051.0
18907_AM|4969.0
18911|11678.0
18912_AM|2678.0
18916|2892.0
19021_AM|3193.0
19024|13051.0
19046|35236.0
19053_AM|5150.0
19058_AM|12909.0
19071|12710.0
19086_AM|4950.0
19103_AM|2511.0
19105|3797.0
19117|2523.0
19126|2579.0
1913001|20748.0
1913002|28049.0
1913003|17404.0
1913004|13191.0
1913005|7672.0
19143|2702.0
19151_AM|5463.0
19156_AM|4856.0
19160_AM|6579.0
19171|7889.0
19190|3217.0
19192|2745.0
19220_AM|6079.0
19245_AM|5124.0
19257_AM|5156.0
19274_AM|5689.0
19280|5892.0
19293|2933.0
19319|6591.0
19326|4636.0
19331|4364.0
20005_AM|5541.0
20009|14631.0
20010_AM|4646.0
20013|7108.0
20016_AM|3864.0
2001701|2778.0
2001702|3356.0
2001703|5523.0
20018|15191.0
20019|13949.0
20022_AM|3936.0
20025_AM|5913.0
20027_AM|4564.0
20028_AM|3483.0
20029|5441.0
2003001|6905.0
2003002|5950.0
2003003|3392.0
2003004|6135.0
2003005|5085.0
20032|11464.0
20034_AM|4342.0
20036|16852.0
20039|2794.0
20040|20362.0
20042|4220.0
20043_AM|4916.0
2004501|7713.0
2004502|16858.0
2004503|26676.0
2004504|11686.0
20049|6007.0
20051|8367.0
20052_AM|4155.0
20053|6062.0
20055|21867.0
20056_AM|7267.0
20059|11428.0
20061|6096.0
20063|10291.0
20064|15867.0
20065_AM|5044.0
20067|39219.0
2006901|5823.0
2006902|8659.0
2006903|42587.0
2006904|24554.0
2006905|16764.0
2006906|46470.0
2006907|43245.0
2007101|4537.0
2007102|6050.0
2007103|5871.0
2007104|3337.0
20072|6197.0
20073|6132.0
2007401|7004.0
2007402|4144.0
2007403|3436.0
20075|5864.0
20076|10420.0
20077_AM|8854.0
2007901|4821.0
2007902|18450.0
20080|9668.0
20081|10124.0
20902|18893.0
20903|7185.0
2100201|11328.0
2100202|10378.0
2100501|8001.0
2100502|4052.0
2100503|12524.0
21006|3929.0
21007_AM|9541.0
21008_AM|4728.0
2101001|9167.0
2101002|6366.0
2101003|5977.0
21011|4464.0
21013|14392.0
21014|6075.0
21017_AM|4015.0
21018_AM|2727.0
2102101|9156.0
2102102|11158.0
21023_AM|5207.0
21025|4635.0
21029_AM|5958.0
21032_AM|2606.0
2103501|6067.0
2103502|6743.0
21040_AM|6145.0
2104101|19227.0
2104102|15952.0
2104103|13383.0
2104104|16056.0
2104105|17684.0
2104106|10327.0
2104107|30236.0
2104108|19673.0
21042|21516.0
21043_AM|5209.0
2104401|12103.0
2104402|8111.0
2104403|8079.0
21046|3187.0
21049|3778.0
2105001|6346.0
2105002|4545.0
2105003|11170.0
21052_AM|5369.0
21053_AM|6361.0
21054|10787.0
21055|12001.0
21056|3478.0
21058_AM|5358.0
21060|15891.0
2106101|4091.0
2106102|3743.0
21063|3846.0
2106401|3958.0
2106402|5545.0
21069_AM|6180.0
2107001|5085.0
2107002|2821.0
2107201|3992.0
2107202|2827.0
2107203|5895.0
21073|2911.0
21074_AM|5486.0
21076_AM|5234.0
21078|3055.0
22017_AM|4303.0
22021_AM|4828.0
22025_AM|3324.0
22039_AM|6143.0
22048|17146.0
22053_AM|4749.0
22054_AM|6134.0
22059_AM|5061.0
22060_AM|5536.0
22061|9888.0
22084_AM|4544.0
22112_AM|16529.0
22116_AM|4811.0
22117_AM|5432.0
2212501|4139.0
2212502|8898.0
2212503|13868.0
2212504|6322.0
2212505|3950.0
2212506|4465.0
2212507|6975.0
2212508|4812.0
22130|13344.0
22137_AM|4811.0
22158|17362.0
22199|9352.0
22213_AM|4858.0
22225|3449.0
22228_AM|5218.0
22254_AM|4283.0
22901_AM|4527.0
22907_AM|5203.0
2300201|4158.0
2300202|3747.0
2300203|3637.0
2300204|5546.0
2300205|4535.0
23003|10434.0
23005|36212.0
23006|5450.0
23007_AM|5441.0
23009|15762.0
2301001|4338.0
2301002|4003.0
2301003|9157.0
23011_AM|3204.0
23012_AM|6886.0
23014|2998.0
23015_AM|2534.0
23018|2662.0
23019_AM|3063.0
2302401|7095.0
2302402|3475.0
2302403|4478.0
23025|3267.0
23026|4019.0
23028|7248.0
23034|3011.0
23038|5082.0
23039|2714.0
23040_AM|3036.0
23044_AM|7468.0
23045_AM|2831.0
23046_AM|3638.0
2305001|8982.0
2305002|8299.0
2305003|17643.0
2305004|26354.0
2305005|27526.0
2305006|6784.0
2305007|4676.0
2305008|4426.0
2305009|7242.0
23051|3302.0
23053|11583.0
2305501_AD|14900.0
2305503_AD|11694.0
2305504|12211.0
2305505|5869.0
2305506|6078.0
2305507|5773.0
23056|3640.0
23058|11315.0
2305901|2957.0
2305902|3769.0
23060|24271.0
23061_AM|11986.0
23062_AM|2552.0
23063_AM|6181.0
23066|5325.0
23067|2859.0
23069_AM|7386.0
23070|4706.0
23072_AM|6659.0
23073_AM|5628.0
23074_AM|5338.0
23075|3867.0
23079_AM|4959.0
23080_AM|6003.0
23082_AM|6158.0
23086_AM|15372.0
23087|13545.0
23088|7194.0
23090_AM|2599.0
23092|34208.0
23093_AM|7132.0
23094_AM|5263.0
23095|10545.0
23096|3026.0
23097_AM|9949.0
23099|6106.0
23902|2656.0
23903_AM|6733.0
23904|2832.0
24008|10553.0
24010|10068.0
24014|8455.0
24015_AM|4993.0
24021_AM|6322.0
24030|4888.0
24034|4105.0
24038_AM|5212.0
24039_AM|6065.0
24056_AM|5022.0
24059_AM|2795.0
24061_AM|3646.0
24064_AM|3127.0
24065|2596.0
24070_AM|5590.0
24083_AM|4783.0
24088_AM|5430.0
2408901|5750.0
2408902|9423.0
2408903|25544.0
2408904|17943.0
2408905|12429.0
2408906|18535.0
2408907|17156.0
2408908|2832.0
2408909|3620.0
2408910|8819.0
24092_AM|5212.0
24094_AM|5676.0
24114|3060.0
2411501|16632.0
2411502|22724.0
2411503_AD|13973.0
2411505|10418.0
24122_AM|5750.0
24134|3714.0
24139_AM|4990.0
2414201|7126.0
2414202|20161.0
2414203|2873.0
24148_AM|5317.0
24154_AM|4877.0
24157_AM|5338.0
24160_AM|4886.0
24162_AM|3936.0
24163|5170.0
24166_AM|2644.0
24169_AM|5073.0
24170_AM|6035.0
24175_AM|6046.0
24181_AM|5088.0
24183_AM|4900.0
24188|5159.0
24189|7442.0
24196_AM|4200.0
24202|8226.0
24209|2806.0
24212_AM|5011.0
2422201|10421.0
2422202|8176.0
24223|2945.0
25003|5464.0
25007_AM|7330.0
25008_AM|4575.0
25011|9678.0
25012|3492.0
25013|2759.0
25016_AM|4065.0
2501901|3163.0
2501902|3712.0
25021|3365.0
25023|6274.0
25025_AM|5430.0
25029_AM|5185.0
25033_AM|3809.0
25034|3441.0
25038_AM|4631.0
25040|17409.0
25047_AM|2826.0
25048_AM|6487.0
25050|5151.0
25051_AM|5165.0
25053_AM|3415.0
25058|6195.0
25059_AM|2757.0
25062_AM|3883.0
25072|9328.0
25099_AM|5091.0
25110|7291.0
25113_AM|6512.0
25119_AM|5991.0
2512001|26611.0
2512002|15936.0
2512003|8528.0
2512004|22394.0
2512005|13022.0
2512006|27907.0
2512007|16721.0
2512008|5500.0
2512009|3461.0
25122|2724.0
25137|14545.0
25149_AM|4562.0
25158_AM|5169.0
25171_AM|5116.0
25172|2629.0
25173_AM|4980.0
25189|3186.0
25192_AM|5199.0
25193_AM|4582.0
25203|12252.0
25204_AM|6376.0
2520701|5651.0
2520702|3524.0
25209_AM|4957.0
2521701|4019.0
2521702|6049.0
2521703|4813.0
2521704|2768.0
25223_AM|5046.0
25228|4702.0
25232_AM|3499.0
25234|5893.0
25240_AM|5216.0
25243|5674.0
25907_AM|2642.0
26002_AM|6632.0
26005|3484.0
26006|2518.0
26008|2794.0
2601101|4639.0
2601102|4923.0
2601801|4276.0
2601802|10678.0
26021_AM|6776.0
26026_AM|5151.0
26036|24579.0
26042_AM|5407.0
26047_AM|4938.0
26059_AM|5501.0
26061_AM|5094.0
26064|3191.0
26071_AM|11820.0
26084|11042.0
2608901|5073.0
2608902|44316.0
2608903|26438.0
2608904|54614.0
2608905|17120.0
2608906|3247.0
26099_AM|2744.0
26102|8060.0
26105_AM|5102.0
26117_AM|5365.0
26125|3900.0
26129_AM|5544.0
2613801|2782.0
2613802|3440.0
26168|8608.0
27005|3001.0
27006|2826.0
27007_AM|4500.0
27010|5110.0
27011|2609.0
27012_AM|4238.0
27013|4192.0
27014_AM|5885.0
27015|4374.0
27016|8134.0
27018_AM|5105.0
27019|10078.0
27020|3682.0
27021_AM|5020.0
27022|5455.0
27023|2638.0
27024_AM|3370.0
27025|3360.0
27026|2551.0
27027_AM|3243.0
2702802|29097.0
2702803_AD|15916.0
2702804_AD|22614.0
2702805|24327.0
2702807_AD|5659.0
27030|3480.0
27031|18242.0
27032|3562.0
27039|5216.0
27040_AM|5251.0
27041_AM|6795.0
27042_AM|4452.0
27044_AM|5215.0
27046_AM|2824.0
27047_AM|2561.0
27048_AM|5151.0
27050|3151.0
27051|9871.0
27057|13257.0
27058_AM|4996.0
27060|2689.0
27063_AM|3570.0
27065|14006.0
27066|15312.0
27902|9428.0
28002|4676.0
28004|9908.0
2800501|31061.0
2800502|54170.0
2800503|28195.0
2800504|38822.0
2800505|43734.0
28006|116589.0
2800701|31428.0
2800702|48570.0
2800703|32570.0
2800704|58249.0
28008|3085.0
28009|20749.0
28010|14959.0
28012_AM|6781.0
2801301|14595.0
2801302|16687.0
2801303|17793.0
2801304|10758.0
28014|56386.0
28015|33687.0
28018|6108.0
28019_AM|2777.0
28022|59052.0
28023|8009.0
28026|10726.0
28027_AM|8119.0
28028|2701.0
28030|2782.0
28031|3203.0
28032_AM|9225.0
28033|6416.0
28036|3939.0
28037_AM|2673.0
28038|7359.0
2804001|4830.0
2804002|15374.0
2804003|4879.0
28041|7444.0
28042_AM|3617.0
2804301|3206.0
2804302|5097.0
28044|9376.0
28045|52480.0
28046|7348.0
28047|63825.0
2804901|34303.0
2804902|29086.0
2804903|14763.0
2804904|3121.0
28050|6642.0
28052|5506.0
28053|10520.0
2805401|9018.0
2805402|7576.0
28057_AM|3279.0
2805801|8604.0
2805802|21677.0
2805803|16210.0
2805804|27169.0
2805805|10999.0
2805806|33590.0
2805807|25541.0
2805808|22603.0
2805809|25840.0
28059|6883.0
28060_AM|5506.0
28061|34712.0
2806501|25628.0
2806502|33964.0
2806503|70000.0
2806504|53503.0
28066|10467.0
28067_AM|8167.0
28068|16747.0
28072|8680.0
28073|19736.0
2807401|30258.0
2807402|21194.0
2807403|34623.0
2807404|43213.0
2807405|31957.0
2807406|13056.0
2807407|13461.0
28075|8860.0
2807901|140644.0
2807902|153982.0
2807903|118335.0
2807904|145579.0
2807905|145444.0
2807906|159564.0
2807907|138335.0
2807908|247327.0
2807909|120589.0
2807910|239693.0
2807911|258064.0
2807912|142324.0
2807913|238577.0
2807914|93671.0
2807915|216400.0
2807916|192809.0
2807917|154464.0
2807918|114469.0
2807919|75283.0
2807920|159900.0
2807921|49955.0
2808001|28649.0
2808002|43385.0
28082|9202.0
28083|14903.0
28084|23737.0
28085|6585.0
28086|9291.0
28087|4563.0
28089|5294.0
28090|13573.0
2809101|3319.0
2809102|4605.0
2809201|39450.0
2809202|52357.0
2809203|42587.0
2809204|75245.0
28093|3220.0
28095|2720.0
28096|30695.0
28099_AM|5556.0
28100|6630.0
28104|26235.0
28106|131689.0
28108|6226.0
28109|2827.0
28110|3059.0
2811301|25846.0
2811302|27691.0
2811501|50500.0
2811502|36634.0
28119|3593.0
28123|92925.0
28125|4479.0
28127|94862.0
28129|13538.0
28130|39313.0
2813101|14397.0
2813102|4057.0
28132|19853.0
28133|8760.0
28134|90962.0
28137|2729.0
28140_AM|6249.0
28141|9345.0
28144|9091.0
28145|4123.0
28146|2781.0
2814801|38921.0
2814802|51132.0
2814803|14443.0
2814804|28275.0
28149|9549.0
28150|4594.0
28151_AM|5191.0
28152|24122.0
28154|7729.0
28160|13245.0
2816101|47479.0
2816102|30108.0
28162|4309.0
28164|4696.0
28165|3079.0
28167|12543.0
28168_AM|2695.0
28169_AM|3224.0
28170_AM|4824.0
28171|6837.0
28172|15049.0
28174|2643.0
28176|22580.0
28177|17310.0
28178_AM|3113.0
28179_AM|5543.0
28180|7552.0
28181|28030.0
28183_AM|4011.0
28901_AM|6257.0
28903|48751.0
29001|5453.0
29002_AM|6115.0
29005|6551.0
29007|41868.0
2900801|11924.0
2900802|5894.0
2900803|8277.0
29009_AM|6235.0
29011|3859.0
29012|13336.0
29015_AM|43831.0
29017|8114.0
29018_AM|3237.0
29020_AM|4684.0
29023|7829.0
2902501|10912.0
2902502|33368.0
2902503|25924.0
29027_AM|4466.0
29028_AM|5505.0
29031_AM|5512.0
29032|8301.0
2903801|10844.0
2903802|16592.0
29039|3712.0
29040|2532.0
29041|7342.0
2904201|4018.0
2904202|4859.0
2904203|6040.0
2904204|8458.0
29043|3450.0
29045|3866.0
29046|3034.0
29049_AM|4969.0
2905101|30034.0
2905102|21881.0
2905103|20010.0
29053|3198.0
2905401|47313.0
2905402|13999.0
2905403|21273.0
29055|2770.0
29056_AM|4238.0
29059|3293.0
2906701|4177.0
2906702|66270.0
2906703|2965.0
2906704|15631.0
2906705|3795.0
2906706|58957.0
2906707|117438.0
2906708|115479.0
2906709|81240.0
2906710|90628.0
2906711|20825.0
29068|16849.0
2906901|64512.0
2906902|37328.0
2906903|27101.0
2906904|19017.0
29070|86744.0
29072|5341.0
29073_AM|5088.0
29075|21018.0
29076_AM|5543.0
29079|3159.0
2908001|6736.0
2908002|2836.0
29082_AM|51759.0
29083_AM|4149.0
29084|33624.0
29086_AM|4769.0
29088|3386.0
29089_AM|5671.0
29090_AM|4293.0
2909101|4271.0
2909102|8920.0
2909103|5746.0
2909401|30957.0
2909402_AD|12601.0
2909403|26592.0
2909404|12817.0
29095_AM|5566.0
29096|3374.0
29097|5360.0
29100|2866.0
29901|68056.0
29902|3277.0
3000101|3091.0
3000102|3025.0
30002|13066.0
30003|35956.0
30005|42559.0
30007|9842.0
30008|22240.0
30009|19500.0
30010|11508.0
30011|6608.0
30012|11619.0
30013|10133.0
30014_AM|4714.0
30015|25611.0
3001601|4121.0
3001602|13624.0
3001603|32018.0
3001604|6286.0
3001605|11524.0
3001606|21922.0
3001607|21313.0
3001608|47554.0
3001609|7555.0
3001610|50448.0
30017|14798.0
30018|12199.0
30019|35301.0
30020|10512.0
30021|17225.0
30022|26234.0
30023|5351.0
3002401|62479.0
3002402|33759.0
30025|7320.0
30026|32988.0
30027|73498.0
30028|7797.0
30029|17074.0
3003001|62515.0
3003002|53523.0
3003003|53593.0
3003004|98836.0
3003005|78719.0
3003006|50536.0
3003007|50023.0
3003008|12604.0
30032|3868.0
30033|16060.0
30035|33645.0
30036|26320.0
3003701|21763.0
3003702|15536.0
30038|21837.0
30039_AM|33399.0
30041|20536.0
30042_AM|4629.0
30043|35083.0
30901|16154.0
30902|16935.0
31010_AM|9278.0
31015|2752.0
31016|10732.0
31019_AM|4937.0
31023|11726.0
31029_AM|4005.0
31036_AM|4310.0
31038_AM|4793.0
31041_AM|5648.0
31042_AM|6236.0
31050_AM|8422.0
3106001|9046.0
3106002|10677.0
31065|2784.0
31067_AM|5423.0
31068_AM|5439.0
31070|4306.0
31072_AM|10132.0
31076_AM|6164.0
3107701|4527.0
3107702|3693.0
31078_AM|5402.0
31084_AM|5416.0
31086|21556.0
31088|8354.0
31092_AM|4911.0
31097|13911.0
31098|2790.0
31101_AM|3005.0
31104_AM|3845.0
31108_AM|4824.0
31122|7286.0
31138_AM|3861.0
31142_AM|5958.0
31149_AM|4418.0
31152_AM|2895.0
31153_AM|4159.0
31157_AM|6131.0
31159_AM|2834.0
31163|2866.0
31165_AM|4654.0
31169|3470.0
31176|4135.0
31191_AM|6060.0
3120101|11252.0
3120102|20330.0
3120103|36123.0
3120104|34884.0
3120105|21085.0
3120106|19119.0
3120107|46705.0
3120108|13583.0
3120201|2864.0
3120202|3101.0
31206_AM|4180.0
31208_AM|6198.0
3121501|3691.0
3121502|2678.0
31216|4872.0
31221_AM|5494.0
3122701|4973.0
3122702|5609.0
3123201|3151.0
3123202|11056.0
3123203|12695.0
3123204|10106.0
31249_AM|6794.0
31250|3759.0
31251_AM|4494.0
31254|2907.0
31258|10131.0
31260_AM|5463.0
31901|19853.0
31902|7468.0
31903|10723.0
31904_AM|6577.0
31905_AM|5645.0
31906_AM|6028.0
31907|15198.0
31908_AM|4977.0
32001_AM|7766.0
32004_AM|6011.0
32007_AM|6594.0
32008|11022.0
32009|13384.0
32013_AM|5740.0
32017_AM|4564.0
32019|13911.0
32020_AM|5029.0
32024|5652.0
32025_AM|2846.0
32026_AM|5458.0
32031_AM|3096.0
32032|9621.0
32034_AM|2751.0
32042_AM|5059.0
32043|2849.0
32045|2718.0
32050|2501.0
32051_AM|4655.0
32053_AM|4613.0
3205401|20536.0
3205402|16823.0
3205403|23826.0
3205404|16547.0
3205405|26864.0
32056_AM|4512.0
32058_AM|8537.0
32063_AM|5366.0
32067_AM|5184.0
32069|5005.0
32072|4245.0
32075_AM|7448.0
32076_AM|5780.0
32081_AM|3695.0
32085|13644.0
32086|2787.0
32088_AM|3143.0
32091_AM|5441.0
33001_AM|4446.0
33002|10346.0
33004|76874.0
33006_AM|4099.0
33007_AM|3417.0
33008_AM|6151.0
33011|11966.0
33012|6195.0
33014|10288.0
33015_AM|3460.0
33016|22299.0
33017|3335.0
33018|3312.0
33019_AM|3743.0
33020_AM|16615.0
33021|4968.0
33023|3780.0
3302401|32209.0
3302402|2560.0
3302403|31990.0
3302404|17327.0
3302405|31007.0
3302406|32866.0
3302407|63704.0
3302408|30423.0
3302409|26810.0
33025|10412.0
33026_AM|11521.0
33031|38683.0
33032|12754.0
33033|10596.0
33034|11281.0
33035|13790.0
33036|13611.0
33037|37026.0
33038|2543.0
33040|5264.0
33041|8302.0
33042|5113.0
3304401|7462.0
3304402|9922.0
3304403|16420.0
3304404|19079.0
3304405|17180.0
3304406|36716.0
3304407|10224.0
3304408|19277.0
3304409|20961.0
3304410|18994.0
3304411|8661.0
3304412|19141.0
3304414_AD|5533.0
3304415|3420.0
3304416|4562.0
33045|5292.0
33049|6921.0
33051_AM|9903.0
33056|5686.0
33057_AM|3964.0
33059|4878.0
33060|15665.0
33066|51608.0
33069_AM|5771.0
33070|3683.0
33072_AM|6184.0
33073|9096.0
33074_AM|5634.0
33076|14869.0
34004_AM|7225.0
34017_AM|5003.0
34022_AM|4815.0
34023|6399.0
34047_AM|4885.0
34056_AM|5270.0
34069_AM|4882.0
34079_AM|6143.0
34080|5786.0
34083_AM|4829.0
3412001|4251.0
3412002|4669.0
3412003|3884.0
3412004|10049.0
3412005|19461.0
3412006|10602.0
3412007|24174.0
34123_AM|4566.0
34157|2950.0
34171_AM|4695.0
34218_AM|2701.0
34225|6470.0
34232_AM|5414.0
35001|5695.0
35002|32105.0
35003_AM|13545.0
3500401|22495.0
3500402|42002.0
35006|38535.0
35008|7513.0
35009|24455.0
35010|5365.0
3501101|10770.0
3501102|5303.0
3501103|15814.0
35012|20572.0
35013|7833.0
35014|27768.0
35015|21014.0
3501601|68094.0
3501602|81188.0
3501603|70620.0
3501604|104361.0
3501605|54412.0
3501701|32657.0
3501702|4538.0
3501703|4591.0
3501801|8618.0
3501802|10440.0
3501902|5453.0
3501903|33716.0
3501904_AD|13897.0
35020|7516.0
35021|18297.0
3502202_AD|10613.0
3502203|62960.0
35023|13871.0
35024|23044.0
35025_AM|2911.0
3502601|3872.0
3502602|16431.0
3502603|31828.0
3502604|6373.0
3502605|16834.0
3502606|27431.0
35027|12634.0
35028|20801.0
35029|6447.0
35030|15549.0
35031|9382.0
35032|3754.0
35033|7645.0
35034|16977.0
36001|2599.0
36002|3622.0
3600301|5916.0
3600302|6370.0
36004|11987.0
36005|9788.0
3600601|3061.0
3600602|5934.0
3600603|4678.0
3600801|6828.0
3600802|14501.0
3600803|5379.0
36009_AM|7076.0
36010|3316.0
36013_AM|4049.0
36015|4643.0
36017|20261.0
36018_AM|5678.0
3602101|8256.0
3602102|2682.0
3602103|3982.0
3602201|7604.0
3602202|3095.0
36023|9991.0
36024|20199.0
3602601|16839.0
3602602|3147.0
3602603|4262.0
36027|5314.0
36028|4796.0
3602901|9026.0
3602902|4495.0
3602903|5975.0
36030_AM|5069.0
36032|4121.0
3603301|3179.0
3603302|4489.0
3603303|7522.0
36034|3770.0
3603501|6011.0
3603502|6093.0
3603503|5901.0
36036|3104.0
36037|2975.0
3603801|15739.0
3603802|40799.0
3603803|5041.0
3603804_AD|13921.0
3603805_AD|7614.0
3603901|13135.0
3603902|4309.0
3603903|2768.0
36040|2860.0
3604101|13136.0
3604102|4094.0
36042|22942.0
36043|5548.0
36044|3081.0
3604501|9748.0
3604502|10194.0
3604503|5454.0
3604504|3796.0
36046|5157.0
36047_AM|5646.0
36048|6376.0
3604901|6527.0
3604902|2722.0
36050|10048.0
3605101|9793.0
3605102|2966.0
3605103|4876.0
36052|8845.0
36053|7482.0
3605401|3980.0
3605402|4218.0
3605403|2570.0
3605404|2962.0
36055|17398.0
36056|5768.0
3605701|21264.0
3605702|33393.0
3605703|42211.0
3605704|49159.0
3605705|15921.0
3605706|26946.0
3605707|57946.0
3605708|19580.0
3605709|27417.0
3605801|3215.0
3605802|2740.0
36059|5097.0
3606001|21661.0
3606002|3219.0
3606003|3246.0
3606004|9419.0
36061|10306.0
36901|4951.0
36902_AM|7488.0
37008|5159.0
37010_AM|5092.0
37014_AM|4824.0
37023_AM|3425.0
37046_AM|13143.0
37067_AM|6701.0
37069_AM|6329.0
37073_AM|5417.0
37085|7368.0
37092|2809.0
37103_AM|5496.0
37107|12065.0
37117_AM|3764.0
37135_AM|5008.0
37136_AM|4610.0
37140_AM|4963.0
37142_AM|5532.0
37156|5550.0
37170_AM|5255.0
37172_AM|5162.0
37173_AM|4730.0
37174_AM|4760.0
37202_AM|3001.0
3724601|3421.0
3724602|2702.0
3727401|11135.0
3727402|23075.0
3727403|25706.0
3727404|29700.0
3727405|25325.0
3727406|28328.0
37294|14646.0
37313_AM|5423.0
37322|3096.0
37354|7371.0
37362|6491.0
37374_AM|5946.0
37376_AM|4810.0
38001|48733.0
38004|5604.0
38005|8234.0
38006|82563.0
38008|7196.0
38009|5866.0
38010|4766.0
3801101|19616.0
3801102|8847.0
38012|2807.0
38013_AM|6214.0
38015|4895.0
38017|51850.0
38018|5553.0
38019|21827.0
38020|21000.0
38021_AM|2866.0
3802201|7231.0
3802202|2806.0
3802203|4908.0
3802204|5388.0
3802205|2977.0
3802301|44005.0
3802302|37124.0
3802303|41470.0
3802304|10417.0
3802305|19454.0
3802306|5540.0
3802401|12691.0
3802402|2673.0
3802403|5284.0
38025|9114.0
3802601|5306.0
3802602|6094.0
3802603|10738.0
3802604|7007.0
3802605|7730.0
3802606|5344.0
38027|7745.0
3802801|8552.0
3802802|7247.0
3802803|7263.0
3802804|7117.0
38029_AM|5968.0
38030|2549.0
3803101|13209.0
3803102|4666.0
3803103|6940.0
3803104|5910.0
3803105|3325.0
3803106|2774.0
38032|17590.0
38033|4213.0
38034|4854.0
38035_AM|23661.0
38036_AM|11308.0
3803701|4575.0
3803702|4761.0
3803703|6110.0
3803801|15282.0
3803802|10688.0
3803803|22782.0
3803804|12535.0
3803805|19798.0
3803806|30618.0
3803807_AD|11990.0
3803809|17869.0
3803810|16296.0
3803811|32312.0
3803812|18393.0
38039|14987.0
38040|11115.0
38041|8918.0
38042|4692.0
38043|24346.0
38044|2829.0
38045|4558.0
38046|11326.0
38047|2560.0
38048|5084.0
38049|4643.0
38050|2917.0
38051|9161.0
38053_AM|6631.0
39001_AM|6225.0
39002|4368.0
39006_AM|3978.0
3900801|11726.0
3900802|6390.0
39009_AM|5161.0
3901201|5649.0
3901202|2624.0
3901601|22086.0
3901602|4115.0
3901603|4296.0
39018|5750.0
39019_AM|5197.0
3902001|5014.0
3902002|21271.0
3902003|6690.0
39023|8504.0
39025|10703.0
39026_AM|5582.0
39027_AM|5296.0
39028|5357.0
39030_AM|2686.0
39035|10996.0
39037_AM|4434.0
39038_AM|3177.0
39040|5186.0
39041_AM|5762.0
39042|7606.0
39043_AM|4866.0
39044|5059.0
39047|2650.0
3905201|11812.0
3905202|14223.0
39054|5978.0
39055_AM|5228.0
39056_AM|5257.0
39057_AM|3873.0
3905901|3950.0
3905902|4860.0
3906001|2761.0
3906002|5621.0
39061|4629.0
39062_AM|4511.0
39073|13292.0
39074|9205.0
3907501|9521.0
3907502|26949.0
3907503|14815.0
3907504|16703.0
3907505|17021.0
3907506|14345.0
3907507|27469.0
3907508|45398.0
39076|4231.0
39078_AM|4851.0
3907901|6929.0
3907902|4082.0
39080|4073.0
39082_AM|5862.0
3908501|5144.0
3908502|3882.0
3908701|15766.0
3908702|8968.0
3908703|12842.0
3908704|10735.0
3908705|2926.0
39091_AM|5722.0
39094_AM|3136.0
39095|2786.0
39099|3958.0
39102|2789.0
40032_AM|4575.0
40040_AM|5413.0
40041_AM|4901.0
40043|2502.0
40057_AM|4241.0
4006301|3246.0
4006302|6374.0
40076|9476.0
40094_AM|2657.0
40101_AM|5178.0
40112_AM|6426.0
40138_AM|5034.0
40141_AM|4990.0
40145_AM|6116.0
40149_AM|4503.0
40155|5597.0
40170_AM|4802.0
40181|5237.0
4019401_AD|5683.0
4019403|8611.0
4019404|13442.0
4019405|10797.0
4019406|6418.0
4019407|6307.0
40225_AM|5574.0
40906_AM|5563.0
41003|3221.0
4100401|3549.0
4100402|8431.0
4100403|13716.0
4100404|49850.0
41005|12264.0
41006|3348.0
4100701|4715.0
4100702|11769.0
41010|6287.0
4101101|5737.0
4101102|3683.0
4101103|4929.0
4101104|5148.0
41012|4614.0
41013|6060.0
41014|3099.0
4101501|2539.0
4101502|4783.0
4101601|6645.0
4101602|4454.0
41017|22390.0
41018|12581.0
41019|6902.0
4102001|5216.0
4102002|11119.0
41021|27490.0
41022|5228.0
4102301|5351.0
4102302|5404.0
41024|29123.0
41025_AM|3220.0
41026|5384.0
41027|5059.0
41028|2860.0
41029|17366.0
41032_AM|6790.0
41033_AM|7402.0
4103401|18108.0
4103402|3651.0
4103403|9015.0
41036|4699.0
41037|3985.0
4103801|11588.0
4103802|18844.0
4103803|22405.0
4103804|38419.0
4103805|44994.0
4103901|13739.0
4103902|5764.0
4103903|9670.0
4103904|7104.0
4103905|3561.0
41040|16048.0
41041_AM|13334.0
41042|7160.0
41044|10295.0
4104501|2759.0
4104502|4981.0
41046_AM|5731.0
41047|13529.0
41048_AM|4912.0
41049|13054.0
41050|6504.0
41051|3129.0
41052|3856.0
4105301|8882.0
4105302|4730.0
4105303|5615.0
4105304|8389.0
4105501|5481.0
4105502|9196.0
4105503|3901.0
41056|4587.0
4105801|4047.0
4105802|8875.0
4105803|10971.0
41059|46895.0
4106001|6063.0
4106002|3342.0
4106003|9912.0
41061|2618.0
41062|2663.0
41063|3563.0
41064|7014.0
41065_AM|28823.0
4106701|5181.0
4106702|4271.0
41068|17594.0
4106901|8515.0
4106902|7565.0
4106903|11482.0
4106904|11116.0
41070|9020.0
41071|6850.0
41072|5147.0
41074|3648.0
41075|13856.0
41076_AM|4933.0
4107701|2667.0
4107702|5417.0
4107703|2812.0
41078|2999.0
41079|11873.0
41080_AM|6899.0
4108101|10583.0
4108102|28621.0
41082|4223.0
41084|3376.0
41085|5646.0
41086|22088.0
4108701|7871.0
4108702|6155.0
41089|8491.0
41090|4247.0
4109101|54914.0
4109102|73367.0
4109103|50394.0
4109104|88244.0
4109105|68916.0
4109106|46253.0
4109107|72030.0
4109108|59239.0
4109109|104255.0
4109110|41589.0
4109111|25033.0
4109201|4707.0
4109202|4801.0
41093|25370.0
4109401|5361.0
4109402|3725.0
4109501|12679.0
4109502|7791.0
4109503|10024.0
4109504|3571.0
4109505|17080.0
41096|7894.0
41097|4531.0
41098|6673.0
41099|4892.0
41101|7811.0
41102|19251.0
41901|3347.0
41902|5826.0
41903|8667.0
41904|2340.0
42004_AM|3148.0
42020|5411.0
42025_AM|4888.0
42035_AM|4919.0
42043_AM|5395.0
42069_AM|4766.0
42094_AM|4717.0
42095|2844.0
42129_AM|2510.0
42134|3668.0
42162|2948.0
42164_AM|3838.0
4217301|12097.0
4217302|22494.0
4217303|5104.0
43002|2504.0
43004|9579.0
4300501|2684.0
4300502|2501.0
43007_AM|5825.0
43009_AM|5185.0
43012|5512.0
43013|7131.0
43014|21317.0
43016|5625.0
43019_AM|5597.0
43020_AM|5583.0
43026_AM|6086.0
43028|3830.0
43037|28463.0
43038_AM|37257.0
43042_AM|4195.0
43043_AM|6468.0
43044|5530.0
4304701|3870.0
4304702|2854.0
43050|3912.0
43051|14081.0
43052_AM|5566.0
43054_AM|5295.0
43055_AM|5113.0
43060_AM|5457.0
43064_AM|4977.0
43078_AM|3409.0
43086|7433.0
43088_AM|5089.0
43090_AM|5040.0
43092|12689.0
43093|5585.0
43094_AM|5429.0
43095_AM|5007.0
43100|4872.0
43104|2846.0
43108_AM|4871.0
43109|4025.0
43111|2999.0
4312301|4804.0
4312302|19191.0
4312303|17444.0
4312304|9330.0
4312305|10855.0
4312306|19299.0
4312307|8801.0
4312308|11629.0
4312310_AD|4731.0
43126_AM|8732.0
43128_AM|5430.0
43129|6617.0
43131|7127.0
4313301|3197.0
4313302|4962.0
4313601|9122.0
4313602|5809.0
43137_AM|5047.0
43138|3762.0
43139|2702.0
43140|3450.0
43142_AM|2678.0
4314501|2630.0
4314502|3064.0
4314803_AD|7751.0
4314804|16769.0
4314805|11575.0
4314806|24217.0
4314807|43491.0
4314808|22623.0
4314809|9010.0
43153|17057.0
4315501|10339.0
4315502|5634.0
4315503|5350.0
4315504|12249.0
43156|6317.0
43161|24553.0
43162|6645.0
4316301|4746.0
4316302|11622.0
4316303|22523.0
43166_AM|5252.0
43171|22522.0
43901|11539.0
43902|3552.0
43903|3220.0
43904|4160.0
43905|28512.0
43906|3444.0
43907|5933.0
44008_AM|6303.0
44009_AM|4342.0
44013|16029.0
44014_AM|5648.0
4402501|4117.0
4402502|3210.0
44050_AM|5664.0
44051_AM|4828.0
44056_AM|3210.0
44059_AM|4551.0
44068_AM|5041.0
44076|2578.0
44153|2522.0
44155_AM|5570.0
44158_AM|4741.0
44209_AM|4774.0
44210_AM|4619.0
44216|35994.0
44238_AM|4955.0
44246_AM|5849.0
45002|3757.0
45012_AM|2661.0
45013_AM|2607.0
45014|5202.0
45016|6621.0
45019|10611.0
45020_AM|5076.0
45021|3981.0
45023_AM|5626.0
45028|4641.0
45031|4243.0
45034_AM|2703.0
45037_AM|5335.0
45038|5022.0
45040_AM|5551.0
45041|6177.0
45045_AM|7292.0
45046_AM|4833.0
45047_AM|5106.0
45051_AM|4270.0
45052_AM|5187.0
45053|9942.0
45054|5068.0
45056|4335.0
45059_AM|5183.0
45061|3441.0
45064|5747.0
4506601|5491.0
4506602|6294.0
45067_AM|4821.0
45069_AM|5816.0
45078_AM|2597.0
4508101|9834.0
4508102|20395.0
45082_AM|6335.0
45084|2574.0
45085_AM|3316.0
4508701|2639.0
4508702|2839.0
4508703|4752.0
45088|3894.0
45098|2544.0
45099|5662.0
45101_AM|6508.0
45102|5009.0
45106|9781.0
45107|4954.0
45109_AM|4535.0
45110_AM|4889.0
45112_AM|4473.0
45115|3721.0
45118_AM|5402.0
45119|5170.0
45121_AM|13639.0
45122|8225.0
45123|4743.0
45124|2625.0
45125|2626.0
45128|3408.0
45132_AM|5029.0
45133|3908.0
45135|5041.0
45136|7841.0
45137_AM|6682.0
45140_AM|5426.0
4514201|2835.0
4514202|5235.0
4514203|3059.0
45145|4536.0
45153_AM|2807.0
45156|4085.0
45157|3554.0
45158_AM|5614.0
45161|27466.0
4516301|3858.0
4516302|7212.0
4516501|13410.0
4516502|25301.0
4516503|31696.0
4516504|13070.0
45166_AM|3271.0
4516804_AD|10206.0
4516805|38752.0
4516806|5632.0
4516807|30859.0
45171_AM|3326.0
4517301|6639.0
4517302|6944.0
45176|5626.0
45180|4430.0
45181|2905.0
45183|3684.0
45185|9434.0
45186|3576.0
45187|4866.0
45188_AM|5989.0
45189_AM|5030.0
45192_AM|3460.0
45195|2508.0
45197|2593.0
45198|2570.0
45199|5255.0
45200_AM|8216.0
45201|5779.0
45202|5302.0
45203|4344.0
45205|10813.0
46001_AM|2221.0
46004_AM|2810.0
4600501|10561.0
4600502|11815.0
4600503|7273.0
46006|5975.0
46007_AM|18670.0
46008|3368.0
46009|4110.0
46011_AM|12856.0
46013|24904.0
46014|4189.0
46015|10266.0
46016_AM|5275.0
4601701|3526.0
4601702|12728.0
4601703|4242.0
4601704|19676.0
4601705|4693.0
4601901|3585.0
4601902|8608.0
46020|5144.0
46021|32313.0
46022_AM|21539.0
46025|3301.0
46029|27305.0
4603101|3210.0
4603102|5143.0
4603103|5589.0
46032|7433.0
46034|2528.0
46035|8984.0
46037_AM|2846.0
46039|2627.0
46042|4592.0
46044|5215.0
46045_AM|2516.0
46048|4632.0
46051|11369.0
46054|15430.0
46055_AM|4987.0
46058_AM|5611.0
46060|11967.0
46062|5742.0
46063_AM|3537.0
46067_AM|3004.0
4607001|7942.0
4607002|17481.0
46072|4101.0
46073_AM|2532.0
46074|3780.0
46077|9438.0
4607801|14763.0
4607802|23949.0
46080_AM|4378.0
46081|13257.0
46082|6812.0
4608301|3669.0
4608302|5003.0
4608303|2889.0
4608304|8933.0
46084_AM|2639.0
46085|15851.0
46089_AM|3412.0
46093|2846.0
46094|28509.0
46097_AM|4770.0
46098|3088.0
46102|25035.0
46105|22708.0
46106_AM|7590.0
46109|8871.0
46110|30208.0
46111|15769.0
46113|3277.0
46116|18302.0
46118_AM|7216.0
46120_AM|6844.0
46122|3563.0
46123|2563.0
46126|7502.0
46127_AM|5321.0
46128_AM|2984.0
4613101|2757.0
4613102|26509.0
4613103|5664.0
4613104|14120.0
4613105|12328.0
4613106|9700.0
4613107|4892.0
46132|2785.0
46134|3501.0
46135|13027.0
46136|3714.0
46139|5938.0
46143_AM|8027.0
46145|29459.0
4614701|3204.0
4614702|20444.0
46150_AM|5976.0
46155_AM|3275.0
46156|2651.0
46157|3687.0
4615901|6717.0
4615902|10079.0
4615903|14491.0
46160_AM|5722.0
46163|2574.0
46164|16132.0
46165|9845.0
46166|10926.0
46168_AM|3287.0
46169|44320.0
46170|4326.0
4617101|9324.0
4617102|12551.0
46172|8655.0
46173_AM|6435.0
46176|3069.0
46177_AM|7316.0
46178|7301.0
46179|3004.0
46181|25119.0
46182_AM|4341.0
46183|8404.0
4618401|9904.0
4618402|8432.0
4618403|17610.0
46186|26401.0
46190|71361.0
46191|2852.0
46193|11692.0
46194|21487.0
46195_AM|3766.0
46197_AM|4275.0
46199|8205.0
46200_AM|6297.0
46202|25275.0
46203_AM|6091.0
4620401|4646.0
4620402|4091.0
46205|19975.0
46207|9351.0
46211|2551.0
46212_AM|3814.0
46213|20235.0
46214_AM|24826.0
46216|7445.0
46217_AM|3968.0
46218_AM|4489.0
4622003_AD|17404.0
4622005_AD|8684.0
4622006|17266.0
4622007|23689.0
46223|10344.0
46228|3326.0
46229_AM|4029.0
46230|19211.0
46231_AM|4828.0
46233|4911.0
4623501|7459.0
4623502|7252.0
4623503|6161.0
4623504|6745.0
46237|9205.0
4623801|4765.0
4623802|2898.0
4623803|9499.0
4624401|19325.0
4624402|9735.0
4624403|38935.0
4624404|16030.0
4624801|3338.0
4624802|3572.0
46249|11478.0
4625001|26898.0
4625002|42337.0
4625003|48124.0
4625004|38194.0
4625005|46647.0
4625006|30295.0
4625007|48512.0
4625008|57367.0
4625009|51873.0
4625010|73388.0
4625011|54892.0
4625012|65003.0
4625013|35850.0
4625014|28172.0
4625015|53384.0
4625016|46782.0
4625017|6595.0
4625018|14402.0
4625019|21029.0
46251_AM|4241.0
46255_AM|6225.0
46256|10097.0
46257|6996.0
46258|3578.0
46260|3451.0
46261_AM|5045.0
46903|9501.0
47004_AM|5675.0
47007_AM|8172.0
47010|20716.0
47023_AM|6379.0
47027|3747.0
47030_AM|4952.0
47050|5299.0
47052|9109.0
47066_AM|2638.0
47071_AM|5758.0
4707501|2934.0
4707502|3364.0
47076|22633.0
4708501|9178.0
4708502|5330.0
4708503|5763.0
47086_AM|5461.0
47090|3311.0
47101_AM|5300.0
47104_AM|5474.0
47112_AM|5106.0
47114|5068.0
47129_AM|4881.0
47133|3875.0
47139_AM|5054.0
47155|4604.0
47161|5315.0
4716501|3351.0
4716502|5411.0
47173_AM|5703.0
4717501|3834.0
4717502|4814.0
47182_AM|4223.0
4718601|3796.0
4718602|14483.0
4718603|7361.0
4718604|42354.0
4718605|4758.0
4718606|37101.0
4718607|21604.0
4718608|31722.0
4718609|10631.0
4718610|68024.0
4718611|50977.0
4718612|4964.0
47197_AM|5097.0
47214_AM|4980.0
47217|2828.0
47231|6249.0
48001_AM|8984.0
4800201|5026.0
4800202|4410.0
48003|19576.0
4801101|6971.0
4801102|5169.0
48012_AM|5064.0
4801301|7314.0
4801302|15263.0
4801303|7449.0
4801304|10933.0
4801305|14738.0
4801306|14027.0
4801307|9028.0
4801308|9940.0
4801309|12215.0
48015|40535.0
48016|7271.0
4801701|3231.0
4801702|7455.0
4801703|6098.0
48018_AM|4260.0
48019_AM|4866.0
4802001|48849.0
4802002|36059.0
4802003|25327.0
4802004|40724.0
4802005|62612.0
4802006|51152.0
4802007|48706.0
4802008|32976.0
48022_AM|4248.0
48026_AM|7414.0
4802701|4100.0
4802702|3210.0
4802703|4001.0
4802704|11517.0
4802705|7107.0
48029|11664.0
48032|7383.0
48034|15791.0
48036|29404.0
48038_AM|4156.0
48040_AM|2911.0
48043|6022.0
4804401|13424.0
4804402|37967.0
4804403|25748.0
48045|6699.0
4804601|12640.0
4804602|4453.0
4805401|12712.0
4805402|4644.0
4805403|14832.0
48055_AM|4565.0
48057|7271.0
48060_AM|5862.0
48065_AM|5263.0
48068_AM|6049.0
4806901|13645.0
4806902|4056.0
48071_AM|8954.0
48073|8326.0
48074|4199.0
48075|2658.0
48077_AM|5968.0
4807801|10023.0
4807802|9427.0
4807803|12600.0
4807804|8536.0
4807805|4699.0
48080|11911.0
48081_AM|4535.0
48082|46085.0
48083|8379.0
4808401|9136.0
4808402|5942.0
4808403|5662.0
4808404|6602.0
48085|14276.0
48086_AM|3480.0
48089|5034.0
4809001|3890.0
4809002|3761.0
48094|4314.0
48095_AM|4621.0
48096|8416.0
48097_AM|2735.0
48901|6780.0
4890201|10475.0
4890202|10318.0
4890203|3696.0
48904_AM|6918.0
48905|3277.0
48906_AM|3877.0
48910_AM|5171.0
48912_AM|4667.0
49003_AM|4945.0
49021|17523.0
49054_AM|5885.0
49065_AM|4819.0
49081_AM|4976.0
49122_AM|5980.0
49127|3030.0
49151_AM|5882.0
49166_AM|5119.0
49178_AM|6186.0
49187_AM|4868.0
49193_AM|4857.0
49200_AM|4871.0
49206_AM|5009.0
49214_AM|4758.0
49219_AM|8863.0
49250_AM|4757.0
49261_AM|6100.0
4927501|18222.0
4927502|18544.0
4927503|5662.0
4927504|6327.0
4927505|11542.0
50008_AM|8581.0
50017_AM|2752.0
50018_AM|5085.0
50025|7983.0
50034_AM|4873.0
50038_AM|4897.0
50055_AM|5366.0
50057_AM|2921.0
50062_AM|4712.0
50066|4334.0
50067|19870.0
50068_AM|3486.0
50073_AM|5276.0
50074|10183.0
50089|13773.0
50094_AM|5457.0
50095_AM|17948.0
50099|4368.0
50115|4600.0
50118|2555.0
50126|2778.0
50130_AM|3613.0
50150_AM|4125.0
50153_AM|3547.0
50159_AM|4616.0
50160|2977.0
50163_AM|6244.0
50165_AM|6830.0
50181_AM|5245.0
50182|6125.0
50204_AM|5543.0
50208_AM|5552.0
50209_AM|6466.0
50219|6446.0
50222_AM|5391.0
50223_AM|3351.0
50225_AM|4262.0
50230_AM|6753.0
50235_AM|5114.0
50240_AM|4655.0
50251_AM|11781.0
50252|6777.0
50272|18856.0
50288|4725.0
5029701|42889.0
5029702|50431.0
5029703|100128.0
5029704|95959.0
5029705|62066.0
5029706|41909.0
5029707|23669.0
5029708|44047.0
5029709|40586.0
5029710|132542.0
5029711|25863.0
5029712|15212.0
50298|8591.0
50903|2768.0
5100101|14182.0
5100102|10026.0
5100103|15408.0
5100104|19981.0
5100105|10096.0
5100106|13824.0
5200101|3075.0
5200102|5311.0
5200103|2819.0
5200104|9100.0
5200105|15717.0
5200106|5718.0
5200107|14067.0
5200108|30454.0
34172653056|NA
34153153078|NA
34022253049|NA
34024453076|NA
34024453077|NA
34063953072|NA
34070953004|NA
34070953005|NA
34070953006|NA
34070953007|NA
34070953008|NA
34070953009|NA
34070953010|NA
34070953011|NA
34070953012|NA
34070953013|NA
34070953014|NA
34070953015|NA
34070953016|NA
34070953018|NA
34070953020|NA
34070953021|NA
34070953022|NA
34070953023|NA
34070953024|NA
34070953026|NA
34070953027|NA
34070953028|NA
34070953029|NA
34070953031|NA
34070953032|NA
34070953033|NA
34070953034|NA
34070953035|NA
34070953036|NA
34070953039|NA
34070953040|NA
34070953041|NA
34070953042|NA
34070953043|NA
34070953044|NA
34070953045|NA
34070953046|NA
34070953073|NA
34072453051|NA
34072453052|NA
34074053074|NA
34074253075|NA
34081953047|NA
